iter	RMSE	RMSE
0	3.576629047	3.576629047
50	0.835923562	0.835923562
100	0.7387032607	0.7387032607
150	0.7259488027	0.7259488027
200	0.7198647279	0.7198647279
250	0.7134140137	0.7134140137
300	0.7050289316	0.7050289316
350	0.7018847784	0.7018847784
