iter	RMSE	RMSE
0	3.5788893	3.5788893
50	0.8325078472	0.8325078472
100	0.7400528797	0.7400528797
150	0.7245067667	0.7245067667
200	0.7133344955	0.7133344955
250	0.7085282039	0.7085282039
